pollster_name,affiliation,city,state,year
Adam Jude,The Seattle Times,Seattle,WA,2014
Adam Sparks,Daily News Journal,Murfreesboro,TN,2014
Adam Zucker,CBS Sports Network,Summit,NJ,2014
Bill Rabinowitz,The Columbus Dispatch,Columbus,OH,2014
Bob Asmussen,Champaign News-Gazette,Champaign,IL,2014
Brent Axe,The Post-Standard,Syracuse,NY,2014
Brett McMurphy,Action Network,Tampa,FL,2014
Chadd Cripe,The Idaho Statesman,Boise,ID,2014
Charles Davis,FOX Sports,Windermere,FL,2014
Chris Murray,Nevada Sports Net,Reno,NV,2014
Chuck McGill,Charleston Daily,Charleston,WV,2014
Daniel Berk,Arizona Daily Star,Tucson,AZ,2014
Donald Heath,Savannah News,Savannah,GA,2014
Doug Doughty,The Roanoke Times,Roanoke,VA,2014
Doug Lesmerises,The Cleveland Plain Dealer,Cleveland,OH,2014
Drew Sharp,Detroit Free Press,Detroit,MI,2014
Ed Johnson,Albuquerque Journal,Albuquerque,NM,2014
Eric Avidon,The MetroWest Daily News,Framingham,MA,2014
Eric Hansen,The South Bend Tribune,South Bend,IN,2014
Ferd Lewis,The Honolulu Star-Advertiser,Honolulu,HI,2014
Garland Gillen,WVUE-TV FOX 8,New Orleans,LA,2014
Garry Smits,Florida Times-Union,Jacksonville,FL,2014
Gary Horowitz,KBZY radio,Salem,OR,2014
Grant Ramey,Daily Times,Maryville,TN,2014
Harold Gutmann,The Herald-Sun of Durham,Durham,NC,2014
Iliana Limon Romero,Orlando Sentinel,Orlando,FL,2014
Jay Binkley,610 Sports KCSP,Kansas City,MO,2014
Jim Polzin,Wisconsin State Journal,Madison,WI,2014
Jimmy Burch,Fort Worth Star-Telegram,Fort Worth,TX,2014
Joey Knight,Tampa Bay Times,Tampa Bay,FL,2014
John Shinn,The Norman Transcript,Norman,OK,2014
John Silver,The Journal Inquirer,Manchester,CT,2014
Jon Wilner,San Jose Mercury News,San Jose,CA,2014
Josh Kendall,The State,Columbia,SC,2014
Keith Sargeant,NJ Advanced Media,Keyport,NJ,2014
Kellis Robinett,Wichita Eagle,Wichita,KS,2014
Ken Medlin,WRAL-TV,Raleigh,NC,2014
Kirk Bohls,Houston Chronicle,Austin,TX,2014
Kyle Ringo,Daily Camera,Boulder,CO,2014
Larry Vaught,Advocate Msgr,Danville,KY,2014
Logan Lowery,NE Miss. Daily Journal,Tupelo,MS,2014
Matt McCoy,610 WTVN-AM,Columbus,OH,2014
Michael Lev,Arizona Daily Star,Tucson,AZ,2014
Mike Herndon,Alabama Media Group,Mobile,AL,2014
Mike Sorensen,Deseret News,Salt Lake City,UT,2014
Nate Sandell,1500 ESPN Twin Cities/KSTP-AM,Saint Paul,MN,2014
Nick Baumgardner,mlive.com,Grand Rapids,MI,2014
Pete DiPrimio,The Fort Wayne News-Sentinel,Fort Wayne,IN,2014
Rob Long,WJFK - 105.7 TheFan,Baltimore,MD,2014
Robert Cessna,Bryan-College Station Eagle,College Station,TX,2014
Ross Dellenger,The Advocate,Baton Rouge,LA,2014
Sam Werner,Pittsburgh Post-Gazette,Pittsburgh,PA,2014
Scott Nulph,Laramie Boomerang,Laramie,WY,2014
Scott Wolf,Los Angeles Daily News,Los Angeles,CA,2014
Seth Emerson,The Macon Telegraph,Macon,GA,2014
Steve Batterson,Quad City Times,Davenport,IA,2014
Steve Sipple,Lincoln Journal,Lincoln,NE,2014
Tim Griffin,San Antonio Express-News,San Antonio,TX,2014
Tom Mulhern,Wisconsin State Journal,Madison,WI,2014
Tom Murphy,Arkansas Democrat-Gazette,Little Rock,AR,2014
Tommy Deas,Tuscaloosa News,Tuscaloosa,AL,2014
Adam Jude,The Seattle Times,Seattle,WA,2015
Adam Zucker,CBS Sports Network,Summit,NJ,2015
Bob Asmussen,Champaign News-Gazette,Champaign,IL,2015
Brent Axe,The Post-Standard,Syracuse,NY,2015
Brett McMurphy,Action Network,Tampa,FL,2015
Brian Howell,Daily Camera,Boulder,CO,2015
Chadd Cripe,The Idaho Statesman,Boise,ID,2015
Chris Murray,Nevada Sports Net,Reno,NV,2015
Daniel Berk,Arizona Daily Star,Tucson,AZ,2015
Dave Reardon,Honolulu Star-Advertiser,Honolulu,HI,2015
David Briggs,Toledo Blade,Toledo,OH,2015
Doug Doughty,The Roanoke Times,Roanoke,VA,2015
Doug Lesmerises,The Cleveland Plain Dealer,Cleveland,OH,2015
Duane Rankin,Montgomery Advertiser,Montgomery,AL,2015
Ed Daigneault,Republican-American,Waterbury,CT,2015
Ed Johnson,Albuquerque Journal,Albuquerque,NM,2015
Eric Avidon,The MetroWest Daily News,Framingham,MA,2015
Eric Hansen,The South Bend Tribune,South Bend,IN,2015
Garland Gillen,WVUE-TV FOX 8,New Orleans,LA,2015
Garry Smits,Florida Times-Union,Jacksonville,FL,2015
Gary Horowitz,KBZY radio,Salem,OR,2015
Jay Binkley,610 Sports KCSP,Kansas City,MO,2015
Jeff Seidel,Detroit Free Press,Detroit,MI,2015
Jim Dunaway,WJOX,Birmingham,AL,2015
Jim Polzin,Wisconsin State Journal,Madison,WI,2015
Jimmy Burch,Fort Worth Star-Telegram,Fort Worth,TX,2015
Joel Klatt,FOX Sports / FOX Sports 1,Los Angeles,CA,2015
Joey Knight,Tampa Bay Times,Tampa Bay,FL,2015
John Adams,Knoxville News Sentinel,Knoxville,TN,2015
John Clay,Lexington Herald-Leader,Lexington,KY,2015
John Shinn,The Norman Transcript,Norman,OK,2015
Jon Wilner,San Jose Mercury News,San Jose,CA,2015
Josh Kendall,The State,Columbia,SC,2015
Keith Sargeant,NJ Advanced Media,Keyport,NJ,2015
Ken Medlin,WRAL-TV,Raleigh,NC,2015
Kirk Bohls,Houston Chronicle,Austin,TX,2015
Laura Keeley,The News & Observer,Raleigh,NC,2015
Marc Weiszer,Athens Banner-Herald,Athens,GA,2015
Matt Charboneau,The Detroit News,Detroit,MI,2015
Matt McCoy,610 WTVN-AM,Columbus,OH,2015
Michael Lev,Arizona Daily Star,Tucson,AZ,2015
Mike Sands,WLBT/Fox 40,Jackson,MS,2015
Mike Sorensen,Deseret News,Salt Lake City,UT,2015
Mitch Vingle,The Charleston Gazette,Charleston,WV,2015
Nate Sandell,1500 ESPN Twin Cities/KSTP-AM,Saint Paul,MN,2015
Nathan Deen,Savannah Morning News,Savannah,GA,2015
Pete DiPrimio,The Fort Wayne News-Sentinel,Fort Wayne,IN,2015
Rob Long,WJFK - 105.7 TheFan,Baltimore,MD,2015
Robert Cessna,Bryan-College Station Eagle,College Station,TX,2015
Robert Gagliardi,Wyoming Tribune Eagle/WyoSports,Cheyenne,WY,2015
Ross Dellenger,The Advocate,Baton Rouge,LA,2015
Rustin Dodd,Kansas City Star,Kansas City,MO,2015
Ryan Finley,Arizona Daily Star,Tucson,AZ,2015
Sam McKewon,Omaha World-Herald,Omaha,NE,2015
Sam Werner,Pittsburgh Post-Gazette,Pittsburgh,PA,2015
Scott Hamilton,The Post and Courier,Charleston,SC,2015
Scott Wolf,Los Angeles Daily News,Los Angeles,CA,2015
Steve Batterson,Quad City Times,Davenport,IA,2015
Steve Layman,WTVF-TV,Nashville,TN,2015
Tim Griffin,San Antonio Express-News,San Antonio,TX,2015
Tom D'Angelo,The Palm Beach Post,Palm Beach,FL,2015
Tom Murphy,Arkansas Democrat-Gazette,Little Rock,AR,2015
Adam Jude,The Seattle Times,Seattle,WA,2016
Adam Zucker,CBS Sports Network,Summit,NJ,2016
Andy Greder,St. Paul Pioneer Press,St. Paul,MN,2016
Bill Landis,Cleveland Plain Dealer,Brooklyn,OH,2016
Bob Asmussen,Champaign News-Gazette,Champaign,IL,2016
Brent Axe,The Post-Standard,Syracuse,NY,2016
Brett McMurphy,Action Network,Tampa,FL,2016
Brian Howell,Daily Camera,Boulder,CO,2016
Chris Murray,Nevada Sports Net,Reno,NV,2016
Chuck Carlton,The Dallas Morning News,Dallas,TX,2016
Dana Sulonen,Opelika-Auburn News,Opelika,AL,2016
Dave Southorn,The Idaho Statesman,Boise,ID,2016
David Briggs,Toledo Blade,Toledo,OH,2016
Ed Daigneault,Republican-American,Waterbury,CT,2016
Ed Johnson,Albuquerque Journal,Albuquerque,NM,2016
Eric Hansen,The South Bend Tribune,South Bend,IN,2016
Ferd Lewis,The Honolulu Star-Advertiser,Honolulu,HI,2016
Garland Gillen,WVUE-TV FOX 8,New Orleans,LA,2016
Garry Smits,Florida Times-Union,Jacksonville,FL,2016
Gary Horowitz,KBZY radio,Salem,OR,2016
Graham Watson,Yahoo Sports,Sunnyvale,CA,2016
Jason Galloway,Wisconsin State-Journal,Madison,WI,2016
Jeff Miller,Orange County Register,Santa Ana,CA,2016
Jerry DiPaola,Pittsburgh Tribune-Review,Pittsburgh,PA,2016
Jimmy Burch,Fort Worth Star-Telegram,Fort Worth,TX,2016
Joe Dubin,WSMV-TV,Nashville,TN,2016
Joe Walljasper,Columbia Tribune,Columbia,MO,2016
Joey Knight,Tampa Bay Times,Tampa Bay,FL,2016
John Clay,Lexington Herald-Leader,Lexington,KY,2016
John Shinn,The Norman Transcript,Norman,OK,2016
Jon Wilner,San Jose Mercury News,San Jose,CA,2016
Jonny Miller,WBZ NewsRadio 1030,Boston,MA,2016
Josh Kendall,The State,Columbia,SC,2016
Keith Sargeant,NJ Advanced Media,Keyport,NJ,2016
Kirk Bohls,Houston Chronicle,Austin,TX,2016
Mandy Mitchell,WRAL-TV5,Raleigh,NC,2016
Marc Weiszer,Athens Banner-Herald,Athens,GA,2016
Marq Burnett,SEC Country/Atlanta Journal-Constitution,Atlanta,GA,2016
Matt Charboneau,The Detroit News,Detroit,MI,2016
Matt Galloway,Topeka Capital-Journal,Topeka,KS,2016
Matt McCoy,610 WTVN-AM,Columbus,OH,2016
Matt Porter,The Palm Beach Post,West Palm Beach,FL,2016
Michael Bonner,The Jackson Clarion-Ledger,Jackson,MS,2016
Michael Lev,Arizona Daily Star,Tucson,AZ,2016
Mike Barber,Richmond Times-Dispatch,Richmond,VA,2016
Mitch Vingle,The Charleston Gazette,Charleston,WV,2016
Nathan Deen,Savannah Morning News,Savannah,GA,2016
Ngozi Ekeledo,WTVD-TV,Releigh,NC,2016
Pat Caputo,The Oakland Press,Pontiac,MI,2016
Patrick Brown,Chattanooga Times Free Press,Chattanooga,TN,2016
Pete DiPrimio,The Fort Wayne News-Sentinel,Fort Wayne,IN,2016
Rob Long,WJFK - 105.7 TheFan,Baltimore,MD,2016
Robert Cessna,Bryan-College Station Eagle,College Station,TX,2016
Robert Gagliardi,Wyoming Tribune Eagle/WyoSports,Cheyenne,WY,2016
Ross Dellenger,The Advocate,Baton Rouge,LA,2016
Sam McKewon,Omaha World-Herald,Omaha,NE,2016
Scott Hamilton,The Post and Courier,Charleston,SC,2016
Scott Wolf,Los Angeles Daily News,Los Angeles,CA,2016
Steve Batterson,Quad City Times,Davenport,IA,2016
Steve Wiseman,The Herald-Sun,Durham,NC,2016
Tom Murphy,Arkansas Democrat-Gazette,Little Rock,AR,2016
Tony Parks,1280 AM/97.5 FM KZNS,Salt Lake City,UT,2016
Aaron Suttles,The Tuscaloosa News,Tuscaloosa,AL,2017
Adam Jude,The Seattle Times,Seattle,WA,2017
Adam Zucker,CBS Sports Network,Summit,NJ,2017
Andy Bitter,The Roanoke Times,Roanoke,VA,2017
Andy Greder,St. Paul Pioneer Press,St. Paul,MN,2017
Bill Landis,Cleveland Plain Dealer,Brooklyn,OH,2017
Bob Asmussen,Champaign News-Gazette,Champaign,IL,2017
Brent Axe,The Post-Standard,Syracuse,NY,2017
Bret Bloomquist,El Paso Times,El Paso,TX,2017
Brian Howell,Daily Camera,Boulder,CO,2017
Chris Murray,Nevada Sports Net,Reno,NV,2017
Chuck Carlton,The Dallas Morning News,Dallas,TX,2017
Dave Foster,WZTV-TV,Nashville,TN,2017
Dave Reardon,Honolulu Star-Advertiser,Honolulu,HI,2017
Dave Southorn,The Idaho Statesman,Boise,ID,2017
David Briggs,Toledo Blade,Toledo,OH,2017
Ed Daigneault,Republican-American,Waterbury,CT,2017
Eric Hansen,The South Bend Tribune,South Bend,IN,2017
Garland Gillen,WVUE-TV FOX 8,New Orleans,LA,2017
Gary Horowitz,KBZY radio,Salem,OR,2017
Grace Raynor,The Post and Courier,Greenville,SC,2017
Jason Butt,The Telegraph,Macon,GA,2017
Jason Galloway,Wisconsin State-Journal,Madison,WI,2017
Jeff Miller,Orange County Register,Santa Ana,CA,2017
Jerry DiPaola,Pittsburgh Tribune-Review,Pittsburgh,PA,2017
John Adams,Knoxville News Sentinel,Knoxville,TN,2017
John Clay,Lexington Herald-Leader,Lexington,KY,2017
Jon Wilner,San Jose Mercury News,San Jose,CA,2017
Jonny Miller,WBZ NewsRadio 1030,Boston,MA,2017
Keith Sargeant,NJ Advanced Media,Keyport,NJ,2017
Kellis Robinett,Wichita Eagle,Wichita,KS,2017
Kirk Bohls,Houston Chronicle,Austin,TX,2017
Lauren Brownlow,WRAL,Durham,NC,2017
Lauren Shute,SEC Country,Auburn,AL,2017
Marc Weiszer,Athens Banner-Herald,Athens,GA,2017
Matt Baker,Tampa Bay Times,St. Petersburg,FL,2017
Matt Brown,Sports on Earth,State College,PA,2017
Matt Charboneau,The Detroit News,Detroit,MI,2017
Matt McCoy,610 WTVN-AM,Columbus,OH,2017
Michael Lev,Arizona Daily Star,Tucson,AZ,2017
Mitch Vingle,The Charleston Gazette,Charleston,WV,2017
Parrish Alford,Daily Journal,Tupelo,MS,2017
Pat Caputo,The Oakland Press,Pontiac,MI,2017
Pat Dooley,The Gainesville Sun,Gainesville,FL,2017
Rece Davis,ESPN,Bristol,CT,2017
Rick Wright,Albuquerque Journal,Albuquerque,NM,2017
Rob Long,WJFK - 105.7 TheFan,Baltimore,MD,2017
Robert Cessna,Bryan-College Station Eagle,College Station,TX,2017
Robert Gagliardi,Wyoming Tribune Eagle/WyoSports,Cheyenne,WY,2017
Ross Dellenger,The Advocate,Baton Rouge,LA,2017
Ryan Aber,The Oklahoman,Oklahoma City,OK,2017
Safid Deen,Orlando Sentinel,Orlando,FL,2017
Sam McKewon,Omaha World-Herald,Omaha,NE,2017
Sammy Batten,The Fayetteville Observer,Fayetteville,NC,2017
Scott Hamilton,The Post and Courier,Charleston,SC,2017
Scott Wolf,Los Angeles Daily News,Los Angeles,CA,2017
Soren Petro,Sports Radio 810 WHB,Leawood,KS,2017
Steve Batterson,Quad City Times,Davenport,IA,2017
Terry Hutchens,CNHI Sports Indiana,Indianapolis,IN,2017
Tom Murphy,Arkansas Democrat-Gazette,Little Rock,AR,2017
Tony Parks,1280 AM/97.5 FM KZNS,Salt Lake City,UT,2017
Aaron McMann,MLive,Ann Arbor,MI,2018
Adam Jude,The Seattle Times,Seattle,WA,2018
Andy Greder,St. Paul Pioneer Press,St. Paul,MN,2018
Ben Jones,Tuscaloosa News,Tuscaloosa,AL,2018
Bill Landis,Cleveland Plain Dealer,Brooklyn,OH,2018
Blake Toppmeyer,Knoxville News Sentinel,Knoxville,TN,2018
Bob Asmussen,Champaign News-Gazette,Champaign,IL,2018
Brandon Marcello,247Sport,Auburn,AL,2018
Brent Axe,The Post-Standard,Syracuse,NY,2018
Brett McMurphy,Action Network,Tampa,FL,2018
Brian Howell,Daily Camera,Boulder,CO,2018
Chris Murray,Nevada Sports Net,Reno,NV,2018
Chris Solari,Detroit Free Press,Detroit,MI,2018
Chuck Carlton,The Dallas Morning News,Dallas,TX,2018
Conor O'Neill,Winston-Salem Journal,Winston-Salem,NC,2018
Dave Southorn,The Idaho Statesman,Boise,ID,2018
David Briggs,Toledo Blade,Toledo,OH,2018
Don Williams,Lubbock Avalanche-Journal,Lubbock,TX,2018
Doug Lesmerises,The Cleveland Plain Dealer,Cleveland,OH,2018
Dylan Sinn,The Journal Gazette,Fort Wayne,IN,2018
Eric Hansen,The South Bend Tribune,South Bend,IN,2018
Ferd Lewis,The Honolulu Star-Advertiser,Honolulu,HI,2018
Garland Gillen,WVUE-TV FOX 8,New Orleans,LA,2018
Garry Smits,Florida Times-Union,Jacksonville,FL,2018
Gary Horowitz,KBZY radio,Salem,OR,2018
Grace Raynor,The Post and Courier,Greenville,SC,2018
Jason Galloway,Wisconsin State-Journal,Madison,WI,2018
Jerry DiPaola,Pittsburgh Tribune-Review,Pittsburgh,PA,2018
Jim Alexander,The Press-Enterprise,Riverside,CA,2018
Joey Kaufman,Southern California News Group,Anaheim,CA,2018
John Bednarowski,Marietta Daily Journal,Marietta,GA,2018
John Clay,Lexington Herald-Leader,Lexington,KY,2018
Jon Wilner,San Jose Mercury News,San Jose,CA,2018
Jonny Miller,WBZ NewsRadio 1030,Boston,MA,2018
Keith Sargeant,NJ Advanced Media,Keyport,NJ,2018
Kellis Robinett,Wichita Eagle,Wichita,KS,2018
Kirk Bohls,Houston Chronicle,Austin,TX,2018
Lauren Brownlow,WRAL,Durham,NC,2018
Marc Weiszer,Athens Banner-Herald,Athens,GA,2018
Matt Baker,Tampa Bay Times,St. Petersburg,FL,2018
Matt Brown,Sports on Earth,State College,PA,2018
Matt McCoy,610 WTVN-AM,Columbus,OH,2018
Michael Lev,Arizona Daily Star,Tucson,AZ,2018
Michael Vega,The Boston Globe,Boston,MA,2018
Mike Barber,Richmond Times-Dispatch,Richmond,VA,2018
Mitch Vingle,The Charleston Gazette,Charleston,WV,2018
Neill Ostrout,Journal Inquirer,Manchester,CT,2018
Pat Dooley,The Gainesville Sun,Gainesville,FL,2018
Rachel Richlinski,WLBT/FOX40,Jackson,MS,2018
Rece Davis,ESPN,Bristol,CT,2018
Rob Long,WJFK - 105.7 TheFan,Baltimore,MD,2018
Robert Cessna,Bryan-College Station Eagle,College Station,TX,2018
Robert Gagliardi,Wyoming Tribune Eagle/WyoSports,Cheyenne,WY,2018
Ryan Aber,The Oklahoman,Oklahoma City,OK,2018
Safid Deen,Orlando Sentinel,Orlando,FL,2018
Sam McKewon,Omaha World-Herald,Omaha,NE,2018
Scott Hamilton,The Post and Courier,Charleston,SC,2018
Scott Rabalais,The Advocate,Baton Rouge,LA,2018
Sean Manning,The Dominion Post,Morgantown,WV,2018
Soren Petro,Sports Radio 810 WHB,Leawood,KS,2018
Steve Batterson,Quad City Times,Davenport,IA,2018
Steve Layman,WTVF-TV,Nashville,TN,2018
Steve Virgen,Albuquerque Journal,Albuquerque,NM,2018
Tom Murphy,Arkansas Democrat-Gazette,Little Rock,AR,2018
Tony Parks,1280 AM/97.5 FM KZNS,Salt Lake City,UT,2018
Aaron McMann,MLive,Ann Arbor,MI,2019
Adam Zucker,CBS Sports Network,Summit,NJ,2019
Alex Schiffer,The Kansas City Star,Kansas City,MO,2019
Andy Greder,St. Paul Pioneer Press,St. Paul,MN,2019
Audrey Dahlgren,WLNS-TV,Lansing,MI,2019
Blair Kerkhoff,Kansas City Star,Kansas City,MO,2019
Bob Asmussen,Champaign News-Gazette,Champaign,IL,2019
Brett McMurphy,Action Network,Tampa,FL,2019
Brian Howell,Daily Camera,Boulder,CO,2019
Brooks Kubena,The Advocate,Baton Rouge,LA,2019
Bryce Miller,San Diego Union-Tribune,San Diego,CA,2019
Chadd Cripe,The Idaho Statesman,Boise,ID,2019
Chris Murray,Nevada Sports Net,Reno,NV,2019
Chuck Carlton,The Dallas Morning News,Dallas,TX,2019
Conor O'Neill,Winston-Salem Journal,Winston-Salem,NC,2019
Dave Reardon,Honolulu Star-Advertiser,Honolulu,HI,2019
David Briggs,Toledo Blade,Toledo,OH,2019
Davis Potter,Casper Star-Tribune,Casper,WY,2019
Don Williams,Lubbock Avalanche-Journal,Lubbock,TX,2019
Doug Lesmerises,The Cleveland Plain Dealer,Cleveland,OH,2019
Dylan Sinn,The Journal Gazette,Fort Wayne,IN,2019
Eric Boynton,Spartanburg Herald-Journal,Spartanburg,SC,2019
Eric Hansen,The South Bend Tribune,South Bend,IN,2019
Garland Gillen,WVUE-TV FOX 8,New Orleans,LA,2019
Gary Horowitz,KBZY radio,Salem,OR,2019
Gene Henley,Chattanooga Times/Free Press,Chattanooga,TN,2019
James Kratch,NJ.com/The Star Ledger,Iselin,NJ,2019
Jerry DiPaola,Pittsburgh Tribune-Review,Pittsburgh,PA,2019
Jim Holder,WTVA-Tupelo,Saltillo,MS,2019
Jim Polzin,Wisconsin State Journal,Madison,WI,2019
Joe Dubin,WSMV-TV,Nashville,TN,2019
John Bednarowski,Marietta Daily Journal,Marietta,GA,2019
John Clay,Lexington Herald-Leader,Lexington,KY,2019
Jon Johnson,The Dothan Eagle,Dothan,AL,2019
Jon Wilner,San Jose Mercury News,San Jose,CA,2019
Josh Furlong,KSL,Salt Lake City,UT,2019
Kirk Bohls,Houston Chronicle,Austin,TX,2019
Lauren Brownlow,WRAL,Durham,NC,2019
Marc Weiszer,Athens Banner-Herald,Athens,GA,2019
Mark Whicker,Los Angeles Daily News,Los Angeles,CA,2019
Matt Baker,Tampa Bay Times,St. Petersburg,FL,2019
Matt Brown,Sports on Earth,State College,PA,2019
Matt McCoy,610 WTVN-AM,Columbus,OH,2019
Michael Lev,Arizona Daily Star,Tucson,AZ,2019
Michael Vega,The Boston Globe,Boston,MA,2019
Nate Mink,Syracuse Media Group,Syracuse,NY,2019
Nathan Baird,Cleveland.com,Cleveland,OH,2019
Neill Ostrout,Journal Inquirer,Manchester,CT,2019
Norm Wood,The Daily Press,Newport News,VA,2019
Pat Dooley,The Gainesville Sun,Gainesville,FL,2019
Rece Davis,ESPN,Bristol,CT,2019
Rob Long,WJFK - 105.7 TheFan,Baltimore,MD,2019
Robert Cessna,Bryan-College Station Eagle,College Station,TX,2019
Ryan Aber,The Oklahoman,Oklahoma City,OK,2019
Sam McKewon,Omaha World-Herald,Omaha,NE,2019
Soren Petro,Sports Radio 810 WHB,Leawood,KS,2019
Steve Batterson,Quad City Times,Davenport,IA,2019
Steve Virgen,Albuquerque Journal,Albuquerque,NM,2019
Steve Wiseman,The Herald-Sun,Durham,NC,2019
Theo Lawson,Spokesman-Review,Spokane,WA,2019
Tom Bragg,Charleston Gazette-Mail,Charleston,WV,2019
Tom D'Angelo,The Palm Beach Post,Palm Beach,FL,2019
Tom Green,Alabama Media Group,Auburn,AL,2019
Tom Murphy,Arkansas Democrat-Gazette,Little Rock,AR,2019
Aaron McMann,MLive,Ann Arbor,MI,2020
Adam Grosbard,Orange County Register,Los Angeles,CA,2020
Adam Zucker,CBS Sports Network,Summit,NJ,2020
Andy Greder,St. Paul Pioneer Press,St. Paul,MN,2020
Audrey Dahlgren,WLNS-TV,Lansing,MI,2020
Blair Kerkhoff,Kansas City Star,Kansas City,MO,2020
Bob Asmussen,Champaign News-Gazette,Champaign,IL,2020
Brett McMurphy,Action Network,Tampa,FL,2020
Brian Howell,Daily Camera,Boulder,CO,2020
Brooks Kubena,The Advocate,Baton Rouge,LA,2020
Bryce Miller,San Diego Union-Tribune,San Diego,CA,2020
Chris Murray,Nevada Sports Net,Reno,NV,2020
Chuck Carlton,The Dallas Morning News,Dallas,TX,2020
Colten Bartholomew,Wisconsin State Journal,Madison,WI,2020
Conor O'Neill,Winston-Salem Journal,Winston-Salem,NC,2020
David Briggs,Toledo Blade,Toledo,OH,2020
David Jablonski,Dayton Daily News,Dayton,OH,2020
Davis Potter,Casper Star-Tribune,Casper,WY,2020
Derek Redd,Charleston Gazette-Mail,Charleston,WV,2020
Don Williams,Lubbock Avalanche-Journal,Lubbock,TX,2020
Dylan Sinn,The Journal Gazette,Fort Wayne,IN,2020
Eric Boynton,Spartanburg Herald-Journal,Spartanburg,SC,2020
Eric Hansen,The South Bend Tribune,South Bend,IN,2020
Ferd Lewis,The Honolulu Star-Advertiser,Honolulu,HI,2020
Garland Gillen,WVUE-TV FOX 8,New Orleans,LA,2020
Gentry Estes,The Tennessean,Nashville,TN,2020
James Kratch,NJ.com/The Star Ledger,Iselin,NJ,2020
Jerry DiPaola,Pittsburgh Tribune-Review,Pittsburgh,PA,2020
John Bednarowski,Marietta Daily Journal,Marietta,GA,2020
John Clay,Lexington Herald-Leader,Lexington,KY,2020
Jon Johnson,The Dothan Eagle,Dothan,AL,2020
Jon Wilner,San Jose Mercury News,San Jose,CA,2020
Jonas Pope,Raleigh News and Observer,Raleigh,NC,2020
Josh Furlong,KSL,Salt Lake City,UT,2020
Kirk Bohls,Houston Chronicle,Austin,TX,2020
Lauren Brownlow,WRAL,Durham,NC,2020
Madison Hock,WBIR-TV,Knoxville,TN,2020
Marc Weiszer,Athens Banner-Herald,Athens,GA,2020
Matt Baker,Tampa Bay Times,St. Petersburg,FL,2020
Matt Brown,Sports on Earth,State College,PA,2020
Michael Lev,Arizona Daily Star,Tucson,AZ,2020
Michael Vega,The Boston Globe,Boston,MA,2020
Nate Mink,Syracuse Media Group,Syracuse,NY,2020
Nathan Baird,Cleveland.com,Cleveland,OH,2020
Neill Ostrout,Journal Inquirer,Manchester,CT,2020
Norm Wood,The Daily Press,Newport News,VA,2020
Parrish Alford,Daily Journal,Tupelo,MS,2020
Pat Dooley,The Gainesville Sun,Gainesville,FL,2020
Pete Martini,Salem Statesman Journal,Salem,OR,2020
Rece Davis,ESPN,Bristol,CT,2020
Rob Long,WJFK - 105.7 TheFan,Baltimore,MD,2020
Robert Cessna,Bryan-College Station Eagle,College Station,TX,2020
Ron Counts,Idaho Statesman,Boise,ID,2020
Ryan Aber,The Oklahoman,Oklahoma City,OK,2020
Ryan Pritt,Charleston Gazette-Mail,Charleston,WV,2020
Sam McKewon,Omaha World-Herald,Omaha,NE,2020
Soren Petro,Sports Radio 810 WHB,Leawood,KS,2020
Steve Batterson,Quad City Times,Davenport,IA,2020
Steve Virgen,Albuquerque Journal,Albuquerque,NM,2020
Steve Wiseman,The Herald-Sun,Durham,NC,2020
Theo Lawson,Spokesman-Review,Spokane,WA,2020
Tom D'Angelo,The Palm Beach Post,Palm Beach,FL,2020
Tom Green,Alabama Media Group,Auburn,AL,2020
Tom Murphy,Arkansas Democrat-Gazette,Little Rock,AR,2020
Trevor Hass,Boston.com,Boston,MA,2020
Aaron McMann,MLive,Ann Arbor,MI,2021
Adam Grosbard,Orange County Register,Los Angeles,CA,2021
Adam Zucker,CBS Sports Network,Summit,NJ,2021
Andy Greder,St. Paul Pioneer Press,St. Paul,MN,2021
Ben Portnoy,The State,Columbia,SC,2021
Bennett Conlin,The Daily Progress,Charlottesville,VA,2021
Blair Kerkhoff,Kansas City Star,Kansas City,MO,2021
Brett McMurphy,Action Network,Tampa,FL,2021
Brian Howell,Daily Camera,Boulder,CO,2021
Bryce Miller,San Diego Union-Tribune,San Diego,CA,2021
Cecil Hurt,The Tuscaloosa News,Tuscaloosa,AL,2021
Chris Murray,Nevada Sports Net,Reno,NV,2021
Chuck Carlton,The Dallas Morning News,Dallas,TX,2021
Colten Bartholomew,Wisconsin State Journal,Madison,WI,2021
Damien Sordelett,The Roanoke Times,Roanoke,VA,2021
Darren Haynes,WUSA-TV,Washington,DC,2021
Dave Reardon,Honolulu Star-Advertiser,Honolulu,HI,2021
David Briggs,Toledo Blade,Toledo,OH,2021
David Jablonski,Dayton Daily News,Dayton,OH,2021
Don Williams,Lubbock Avalanche-Journal,Lubbock,TX,2021
Dylan Sinn,The Journal Gazette,Fort Wayne,IN,2021
Eric Hansen,The South Bend Tribune,South Bend,IN,2021
Ethan Joyce,Winston-Salem Journal,Winston-Salem,NC,2021
Garland Gillen,WVUE-TV FOX 8,New Orleans,LA,2021
Gentry Estes,The Tennessean,Nashville,TN,2021
Glenn Guilbeau,USA Today Louisiana,Lafayette,LA,2021
Jack Ebling,WSYM,Lansing,MI,2021
James Kratch,NJ.com/The Star Ledger,Iselin,NJ,2021
John Clay,Lexington Herald-Leader,Lexington,KY,2021
Johnny McGonigal,Pittsburgh Post-Gazette,Pittsburgh,PA,2021
Jon Wilner,San Jose Mercury News,San Jose,CA,2021
Jonas Pope,Raleigh News and Observer,Raleigh,NC,2021
Jordan Hill,Opelika-Auburn News,Opelika,AL,2021
Josh Furlong,KSL,Salt Lake City,UT,2021
Kellis Robinett,Wichita Eagle,Wichita,KS,2021
Kirk Bohls,Houston Chronicle,Austin,TX,2021
Lauren Brownlow,WRAL,Durham,NC,2021
Leah Vann,The Advocate,Batan Rouge,LA,2021
Madison Hock,WBIR-TV,Knoxville,TN,2021
Marc Weiszer,Athens Banner-Herald,Athens,GA,2021
Matt Baker,Tampa Bay Times,St. Petersburg,FL,2021
Matt Brown,Sports on Earth,State College,PA,2021
Matt Murschel,Orlando Sentinel,Orlando,FL,2021
Michael Lev,Arizona Daily Star,Tucson,AZ,2021
Mike Barber,Richmond Times-Dispatch,Richmond,VA,2021
Mike Vorel,The Seattle Times,Seattle,WA,2021
Nate Mink,Syracuse Media Group,Syracuse,NY,2021
Nathan Baird,Cleveland.com,Cleveland,OH,2021
Neill Ostrout,Journal Inquirer,Manchester,CT,2021
Pete Martini,Salem Statesman Journal,Salem,OR,2021
Rece Davis,ESPN,Bristol,CT,2021
Robbie Faulk,Starkville Daily News,Starkville,MS,2021
Robert Cessna,Bryan-College Station Eagle,College Station,TX,2021
Ron Counts,Idaho Statesman,Boise,ID,2021
Ryan Aber,The Oklahoman,Oklahoma City,OK,2021
Ryan Pritt,Charleston Gazette-Mail,Charleston,WV,2021
Ryan Thorburn,The Register-Guard,Eugene,OR,2021
Sam McKewon,Omaha World-Herald,Omaha,NE,2021
Scott Richey,The News-Gazette,Champaign,IL,2021
Steve Batterson,Quad City Times,Davenport,IA,2021
Steve Virgen,Albuquerque Journal,Albuquerque,NM,2021
Tom D'Angelo,The Palm Beach Post,Palm Beach,FL,2021
Tom Murphy,Arkansas Democrat-Gazette,Little Rock,AR,2021
Trevor Hass,Boston.com,Boston,MA,2021
Zach Klein,WSB,Atlanta,GA,2021
Aaron McMann,MLive,Ann Arbor,MI,2022
Adam Cole,Opelika-Auburn News,Auburn,AL,2022
Adam Grosbard,Orange County Register,Los Angeles,CA,2022
Adam Zucker,CBS Sports Network,Summit,NJ,2022
Andy Greder,St. Paul Pioneer Press,St. Paul,MN,2022
Ben Portnoy,The State,Columbia,SC,2022
Bennett Durando,Montgomery Advertiser,Auburn,AL,2022
Blair Kerkhoff,Kansas City Star,Kansas City,MO,2022
Bob Asmussen,Champaign News-Gazette,Champaign,IL,2022
Brett McMurphy,Action Network,Tampa,FL,2022
Brian Fonseca,NJ Advance Media / Star-Ledger,Newark,NJ,2022
Brian Howell,Daily Camera,Boulder,CO,2022
Bryce Miller,San Diego Union-Tribune,San Diego,CA,2022
Chris Murray,Nevada Sports Net,Reno,NV,2022
Chuck Carlton,The Dallas Morning News,Dallas,TX,2022
Chuck Landon,The Charleston Gazette-Mail,Huntington,WV,2022
Colten Bartholomew,Wisconsin State Journal,Madison,WI,2022
Damien Sordelett,The Roanoke Times,Roanoke,VA,2022
Darren Haynes,WUSA-TV,Washington,DC,2022
Dave Reardon,Honolulu Star-Advertiser,Honolulu,HI,2022
David Briggs,Toledo Blade,Toledo,OH,2022
David Jablonski,Dayton Daily News,Dayton,OH,2022
David Thompson,Fayetteville Observer,Asheville,NC,2022
Don Williams,Lubbock Avalanche-Journal,Lubbock,TX,2022
Dustin Dopirak,The Herald-Times,Bloomington,IN,2022
Garland Gillen,WVUE-TV FOX 8,New Orleans,LA,2022
Jack Ebling,WSYM,Lansing,MI,2022
Joe Giglio,99.9 FM The Fan,WCMC-FM/WRAL (Raleigh,NC,2022
John Clay,Lexington Herald-Leader,Lexington,KY,2022
John Pierson,WTNH-TV,New Haven,CT,2022
Johnny McGonigal,Pittsburgh Post-Gazette,Pittsburgh,PA,2022
Jon Wilner,San Jose Mercury News,San Jose,CA,2022
Jonas Pope,Raleigh News and Observer,Raleigh,NC,2022
Josh Furlong,KSL,Salt Lake City,UT,2022
Kayla Anderson,WKRN-TV,Nashville,TN,2022
Kellis Robinett,Wichita Eagle,Wichita,KS,2022
Kirk Bohls,Houston Chronicle,Austin,TX,2022
Kirk Kenney,San Diego Union-Tribune,San Diego,CA,2022
Leah Vann,The Advocate,Batan Rouge,LA,2022
Marc Weiszer,Athens Banner-Herald,Athens,GA,2022
Matt Baker,Tampa Bay Times,St. Petersburg,FL,2022
Matt Brown,Sports on Earth,State College,PA,2022
Matt Murschel,Orlando Sentinel,Orlando,FL,2022
Michael Lev,Arizona Daily Star,Tucson,AZ,2022
Mike Barber,Richmond Times-Dispatch,Richmond,VA,2022
Mike Berardino,South Bend Tribune,South Bend,IN,2022
Mike Vorel,The Seattle Times,Seattle,WA,2022
Nate Mink,Syracuse Media Group,Syracuse,NY,2022
Nathan Baird,Cleveland.com,Cleveland,OH,2022
Nick Kelly,Tuscaloosa News,Tuscaloosa,AL,2022
Pete Martini,Salem Statesman Journal,Salem,OR,2022
Rece Davis,ESPN,Bristol,CT,2022
Rick Wright,Albuquerque Journal,Albuquerque,NM,2022
Robbie Faulk,Starkville Daily News,Starkville,MS,2022
Robert Cessna,Bryan-College Station Eagle,College Station,TX,2022
Ron Counts,Idaho Statesman,Boise,ID,2022
Ryan Aber,The Oklahoman,Oklahoma City,OK,2022
Ryan Pritt,Charleston Gazette-Mail,Charleston,WV,2022
Ryan Thorburn,The Register-Guard,Eugene,OR,2022
Sam McKewon,Omaha World-Herald,Omaha,NE,2022
Stephen Hargis,Chattanooga Times-Free Press,Chattanooga,TN,2022
Stephen Wagner,Las Cruces Sun News,Las Cruces,NM,2022
Steve Batterson,Quad City Times,Davenport,IA,2022
Steve Virgen,Albuquerque Journal,Albuquerque,NM,2022
Steve Wiseman,The Herald-Sun,Durham,NC,2022
Tom D'Angelo,The Palm Beach Post,Palm Beach,FL,2022
Tom Murphy,Arkansas Democrat-Gazette,Little Rock,AR,2022
Trevor Hass,Boston.com,Boston,MA,2022
Zach Klein,WSB,Atlanta,GA,2022
Zach Osterman,Indianapolis Star,Indianapolis,IN,2022
Adam Cole,Opelika-Auburn News,Auburn,AL,2023
Adam Zucker,CBS Sports Network,Summit,NJ,2023
Amie Just,Lincoln Journal Star,Lincoln,NE,2023
Audrey Dahlgren,WLNS-TV,Lansing,MI,2023
Blair Kerkhoff,Kansas City Star,Kansas City,MO,2023
Bob Asmussen,Champaign News-Gazette,Champaign,IL,2023
Brett McMurphy,Action Network,Tampa,FL,2023
Brian Fonseca,NJ Advance Media / Star-Ledger,Newark,NJ,2023
Brian Howell,Daily Camera,Boulder,CO,2023
Chad Leistikow,Des Moines Register,Des Moines,IA,2023
Chris Murray,Nevada Sports Net,Reno,NV,2023
Chuck Landon,The Charleston Gazette-Mail,Huntington,WV,2023
Colten Bartholomew,Wisconsin State Journal,Madison,WI,2023
Creg Stephenson,Alabama Media Group,Theodore,AL,2023
Dave Preston,WTOP Radio,Washington,DC,2023
Dave Reardon,Honolulu Star-Advertiser,Honolulu,HI,2023
David Briggs,Toledo Blade,Toledo,OH,2023
David Jablonski,Dayton Daily News,Dayton,OH,2023
Don Williams,Lubbock Avalanche-Journal,Lubbock,TX,2023
Emily Adams,The Greenville News,Columbia,SC,2023
Emily Leiker,Syracuse.com,Syracuse,NY,2023
Garland Gillen,WVUE-TV FOX 8,New Orleans,LA,2023
Greg Madia,The Daily Progress,Charlottesville,VA,2023
Jack Ebling,WSYM,Lansing,MI,2023
James Williams,Southern California News Group,Riverside,CA,2023
Jared MacDonald,Charleston Gazette-Mail,Morgantown,WV,2023
John Clay,Lexington Herald-Leader,Lexington,KY,2023
John Pierson,WTNH-TV,New Haven,CT,2023
Johnny McGonigal,Pittsburgh Post-Gazette,Pittsburgh,PA,2023
Jon Wilner,San Jose Mercury News,San Jose,CA,2023
Jordan Crammer,WNCN-TV,Raleigh,NC,2023
Jordan Guskey,The Topeka Capital-Journal,Lawrence,KS,2023
Josh Furlong,KSL,Salt Lake City,UT,2023
Kate Rogerson,WTVD,Raleigh,NC,2023
Kayla Anderson,WKRN-TV,Nashville,TN,2023
Kirk Bohls,Houston Chronicle,Austin,TX,2023
Kirk Kenney,San Diego Union-Tribune,San Diego,CA,2023
Marc Weiszer,Athens Banner-Herald,Athens,GA,2023
Matt Baker,Tampa Bay Times,St. Petersburg,FL,2023
Matt Brown,Sports on Earth,State College,PA,2023
Matt Murschel,Orlando Sentinel,Orlando,FL,2023
Michael Lev,Arizona Daily Star,Tucson,AZ,2023
Mike Barber,Richmond Times-Dispatch,Richmond,VA,2023
Mike Berardino,South Bend Tribune,South Bend,IN,2023
Mike Niziolek,The Bloomington Herald-Times,Bloomington,IN,2023
Mike Vorel,The Seattle Times,Seattle,WA,2023
Pete Martini,Salem Statesman Journal,Salem,OR,2023
Randy Johnson,Minneapolis Star Tribune,Minneapolis,MN,2023
Rece Davis,ESPN,Bristol,CT,2023
Robert Cessna,Bryan-College Station Eagle,College Station,TX,2023
Ron Counts,Idaho Statesman,Boise,ID,2023
Ryan Aber,The Oklahoman,Oklahoma City,OK,2023
Ryan Thorburn,The Register-Guard,Eugene,OR,2023
Scott Rabalais,The Advocate,Baton Rouge,LA,2023
Scott Springer,Cincinnati Enquirer,Cincinnati,OH,2023
Sean Reider,Albuquerque Journal,Albuquerque,NM,2023
Stefan Krajisnik,Clarion Ledger,Jackson,MS,2023
Stephen Hargis,Chattanooga Times-Free Press,Chattanooga,TN,2023
Steve Wiseman,The Herald-Sun,Durham,NC,2023
Steven Johnson,Fort Worth Star-Telegram,Arlington,TX,2023
Tom D'Angelo,The Palm Beach Post,Palm Beach,FL,2023
Tom Murphy,Arkansas Democrat-Gazette,Little Rock,AR,2023
Tony Garcia,Detroit Free Press,Detroit,MI,2023
Trevor Hass,Boston.com,Boston,MA,2023
Zach Klein,WSB,Atlanta,GA,2023
Aaron McMann,MLive,Ann Arbor,MI,2024
Adam Cole,Opelika-Auburn News,Auburn,AL,2024
Adam Zucker,CBS Sports Network,Summit,NJ,2024
Alex Taylor,Wyoming Tribune Eagle,Laramie,WY,2024
Amie Just,Lincoln Journal Star,Lincoln,NE,2024
Andy Yamashita,The Seattle Times,Seattle,WA,2024
Bill Oram,The Oregonian,Portland,OR,2024
Blair Kerkhoff,Kansas City Star,Kansas City,MO,2024
Bob Asmussen,Champaign News-Gazette,Champaign,IL,2024
Bob Ballou,CBS Austin,Austin,TX,2024
Brenna Greene,KOIN TV,Portland,OR,2024
Brett McMurphy,Action Network,Tampa,FL,2024
Brian Fonseca,NJ Advance Media / Star-Ledger,Newark,NJ,2024
Brian Howell,Daily Camera,Boulder,CO,2024
Chip Towers,Atlanta Journal-Constitution,Atlanta,GA,2024
Chris Carlson,Syracuse Post-Standard,Syracuse,NY,2024
Chris Murray,Nevada Sports Net,Reno,NV,2024
Cody Nespor,The Dominion Post,Morgantown,WV,2024
Creg Stephenson,Alabama Media Group,Theodore,AL,2024
Damien Sordelett,The Roanoke Times,Roanoke,VA,2024
Dave Preston,WTOP Radio,Washington,DC,2024
David Briggs,Toledo Blade,Toledo,OH,2024
David Jablonski,Dayton Daily News,Dayton,OH,2024
David Paschall,Chattanooga Times Free Press,Chattanooga,TN,2024
Derek Redd,Charleston Gazette-Mail,Charleston,WV,2024
Dylan Sinn,The Journal Gazette,Fort Wayne,IN,2024
Emily Leiker,Syracuse.com,Syracuse,NY,2024
Eric Hansen,The South Bend Tribune,South Bend,IN,2024
Garland Gillen,WVUE-TV FOX 8,New Orleans,LA,2024
Greg Madia,The Daily Progress,Charlottesville,VA,2024
Henry Greenstein,Lawrence Journal-World,Lawrence,KS,2024
Ian Kress,WLNS-TV,Lansing,MI,2024
James Williams,Southern California News Group,Riverside,CA,2024
Jerry Humphrey,AL.com,Auburn,AL,2024
Joe Arruda,The Hartford Courant,Hartford,CT,2024
John Clay,Lexington Herald-Leader,Lexington,KY,2024
John Steppe,Cedar Rapids Gazette,Cedar Rapids,IA,2024
Johnny McGonigal,Pittsburgh Post-Gazette,Pittsburgh,PA,2024
Jon Wilner,San Jose Mercury News,San Jose,CA,2024
Jordan Crammer,WNCN-TV,Raleigh,NC,2024
Jordan McPherson,Miami Herald,Miami,FL,2024
Josh Furlong,KSL,Salt Lake City,UT,2024
Karley Marotta,WKOW-TV,Madison,WI,2024
Kate Rogerson,WTVD,Raleigh,NC,2024
Kayla Anderson,WKRN-TV,Nashville,TN,2024
Kirk Bohls,Houston Chronicle,Austin,TX,2024
Kirk Kenney,San Diego Union-Tribune,San Diego,CA,2024
Koki Riley,The,Baton Rouge Advocate (Baton Rouge,LA,2024
Louis Fernandez,WRAL-TV,Raleigh,NC,2024
Mason Young,Tulsa World,Tulsa,OK,2024
Matt Baker,Tampa Bay Times,St. Petersburg,FL,2024
Matt Brown,Sports on Earth,State College,PA,2024
Matt Murschel,Orlando Sentinel,Orlando,FL,2024
Michael Katz,Northeast Mississippi Daily Journal,Tupelo,MS,2024
Michael Lev,Arizona Daily Star,Tucson,AZ,2024
Mike Hill,Fox Sports,Los Angeles,CA,2024
Pete Yanity,WSPA,Spartanburg,SC,2024
Randy Johnson,Minneapolis Star Tribune,Minneapolis,MN,2024
Rece Davis,ESPN,Bristol,CT,2024
Robert Cessna,Bryan-College Station Eagle,College Station,TX,2024
Ron Counts,Idaho Statesman,Boise,ID,2024
Sean Reider,Albuquerque Journal,Albuquerque,NM,2024
Shaun Goodwin,Idaho Statesman,Boise,ID,2024
Stephen Means,Cleveland.com,Cleveland,OH,2024
Steve Wiseman,The Herald-Sun,Durham,NC,2024
Steven Johnson,Fort Worth Star-Telegram,Arlington,TX,2024
Tom Murphy,Arkansas Democrat-Gazette,Little Rock,AR,2024
Trevor Hass,Boston.com,Boston,MA,2024
Zach Klein,WSB,Atlanta,GA,2024
